Name,ID,URL
Ryan Burl,58070,https://www.cricket.com/players/ryan-burl-58070/recent
Shardul Thakur,63345,https://www.cricket.com/players/shardul-thakur-63345/recent
Shreyas Iyer,63961,https://www.cricket.com/players/shreyas-iyer-63961/recent
Ishan Kishan,64712,https://www.cricket.com/players/ishan-kishan-64712/recent
Krunal Pandya,63788,https://www.cricket.com/players/krunal-pandya-63788/recent
Varun Chakravarthy,67469,https://www.cricket.com/players/varun-chakravarthy-67469/recent
Ruturaj Gaikwad,66584,https://www.cricket.com/players/ruturaj-gaikwad-66584/recent
Ajinkya Rahane,3991,https://www.cricket.com/players/ajinkya-rahane-3991/recent
Mohammed Shami,28994,https://www.cricket.com/players/mohammed-shami-28994/recent
Sanju Samson,61837,https://www.cricket.com/players/sanju-samson-61837/recent
Virat Kohli,3993,https://www.cricket.com/players/virat-kohli-3993/recent
Axar Patel,62576,https://www.cricket.com/players/axar-patel-62576/recent
Khaleel Ahmed,65867,https://www.cricket.com/players/khaleel-ahmed-65867/recent
Ravindra Jadeja,3850,https://www.cricket.com/players/ravindra-jadeja-3850/recent
Sikandar Raza,25422,https://www.cricket.com/players/sikandar-raza-25422/recent
Noor Ahmad,71411,https://www.cricket.com/players/noor-ahmad-71411/recent
Suryakumar Yadav,11803,https://www.cricket.com/players/suryakumar-yadav-11803/recent
Quinton De Kock,28035,https://www.cricket.com/players/quinton-de-kock-28035/recent
Shubman Gill,66818,https://www.cricket.com/players/shubman-gill-66818/recent
Shivam Dube,66044,https://www.cricket.com/players/shivam-dube-66044/recent
Tim Seifert,63867,https://www.cricket.com/players/tim-seifert-63867/recent
Nitish Rana,63649,https://www.cricket.com/players/nitish-rana-63649/recent
Ravichandran Ashwin,4555,https://www.cricket.com/players/ravichandran-ashwin-4555/recent
Devdutt Padikkal,67589,https://www.cricket.com/players/devdutt-padikkal-67589/recent
Rishabh Pant,65756,https://www.cricket.com/players/rishabh-pant-65756/recent
Nicholas Pooran,63726,https://www.cricket.com/players/nicholas-pooran-63726/recent
Mitchell Marsh,10094,https://www.cricket.com/players/mitchell-marsh-10094/recent
Finn Allen,66046,https://www.cricket.com/players/finn-allen-66046/recent
Mohammed Siraj,65799,https://www.cricket.com/players/mohammed-siraj-65799/recent
Prasidh Krishna,65702,https://www.cricket.com/players/prasidh-krishna-65702/recent
Rohit Sharma,3852,https://www.cricket.com/players/rohit-sharma-3852/recent
Deepak Chahar,59547,https://www.cricket.com/players/deepak-chahar-59547/recent
Kuldeep Yadav,63187,https://www.cricket.com/players/kuldeep-yadav-63187/recent
Abhishek Sharma,66799,https://www.cricket.com/players/abhishek-sharma-66799/recent
Arshdeep Singh,67905,https://www.cricket.com/players/arshdeep-singh-67905/recent
Harshal Patel,5407,https://www.cricket.com/players/harshal-patel-5407/recent
Hussain Talat,64073,https://www.cricket.com/players/hussain-talat-64073/recent
Dhruv Jurel,71370,https://www.cricket.com/players/dhruv-jurel-71370/recent
Travis Head,62023,https://www.cricket.com/players/travis-head-62023/recent
James Neesham,10172,https://www.cricket.com/players/james-neesham-10172/recent
Sandeep Sharma,10116,https://www.cricket.com/players/sandeep-sharma-10116/recent
Moeen Ali,4688,https://www.cricket.com/players/moeen-ali-4688/recent
Sunil Narine,11229,https://www.cricket.com/players/sunil-narine-11229/recent
Heinrich Klaasen,59736,https://www.cricket.com/players/heinrich-klaasen-59736/recent
Rachin Ravindra,66053,https://www.cricket.com/players/rachin-ravindra-66053/recent
Mitchell Starc,10053,https://www.cricket.com/players/mitchell-starc-10053/recent
Philip Salt,65632,https://www.cricket.com/players/philip-salt-65632/recent
Pat Cummins,56964,https://www.cricket.com/players/pat-cummins-56964/recent
Adam Zampa,58913,https://www.cricket.com/players/adam-zampa-58913/recent
Yuzvendra Chahal,9844,https://www.cricket.com/players/yuzvendra-chahal-9844/recent
Josh Hazlewood,4255,https://www.cricket.com/players/josh-hazlewood-4255/recent
Mohit Sharma,63341,https://www.cricket.com/players/mohit-sharma-63341/recent
Jofra Archer,64254,https://www.cricket.com/players/jofra-archer-64254/recent
Marcus Stoinis,4311,https://www.cricket.com/players/marcus-stoinis-4311/recent
Rahul Tewatia,64440,https://www.cricket.com/players/rahul-tewatia-64440/recent
Amelia Kerr,66632,https://www.cricket.com/players/amelia-kerr-66632/recent
Jasprit Bumrah,63755,https://www.cricket.com/players/jasprit-bumrah-63755/recent
Kl Rahul,60122,https://www.cricket.com/players/kl-rahul-60122/recent
Bhuvneshwar Kumar,5132,https://www.cricket.com/players/bhuvneshwar-kumar-5132/recent
Dinesh Karthik,3632,https://www.cricket.com/players/dinesh-karthik-3632/recent
Hardik Pandya,63751,https://www.cricket.com/players/hardik-pandya-63751/recent
Riyan Parag,66939,https://www.cricket.com/players/riyan-parag-66939/recent
Jacob Duffy,57672,https://www.cricket.com/players/jacob-duffy-57672/recent
Jos Buttler,9782,https://www.cricket.com/players/jos-buttler-9782/recent
Faf Du Plessis,28891,https://www.cricket.com/players/faf-du-plessis-28891/recent
Glenn Maxwell,10085,https://www.cricket.com/players/glenn-maxwell-10085/recent
Kagiso Rabada,63611,https://www.cricket.com/players/kagiso-rabada-63611/recent
Rinku Singh,64727,https://www.cricket.com/players/rinku-singh-64727/recent
Avesh Khan,64511,https://www.cricket.com/players/avesh-khan-64511/recent
Blessing Muzarabani,67784,https://www.cricket.com/players/blessing-muzarabani-67784/recent
Wanindu Hasaranga,65027,https://www.cricket.com/players/wanindu-hasaranga-65027/recent
Yashasvi Jaiswal,69238,https://www.cricket.com/players/yashasvi-jaiswal-69238/recent
Rashid Khan,65748,https://www.cricket.com/players/rashid-khan-65748/recent
Sam Curran,65584,https://www.cricket.com/players/sam-curran-65584/recent
Fazal Haque,67927,https://www.cricket.com/players/fazal-haque-67927/recent
Ravi Bishnoi,71288,https://www.cricket.com/players/ravi-bishnoi-71288/recent
Andre Russell,12047,https://www.cricket.com/players/andre-russell-12047/recent
Rahul Tripathi,41229,https://www.cricket.com/players/rahul-tripathi-41229/recent
Jake Fraser Mcgurk,70746,https://www.cricket.com/players/jake-fraser-mcgurk-70746/recent
Shan Masood,11754,https://www.cricket.com/players/shan-masood-11754/recent
Ms Dhoni,3676,https://www.cricket.com/players/ms-dhoni-3676/recent
Maddy Green,57906,https://www.cricket.com/players/maddy-green-57906/recent
Wellington Masakadza,63154,https://www.cricket.com/players/wellington-masakadza-63154/recent
David Miller,5313,https://www.cricket.com/players/david-miller-5313/recent
Will Jacks,66927,https://www.cricket.com/players/will-jacks-66927/recent
Wesley Madhevere,65847,https://www.cricket.com/players/wesley-madhevere-65847/recent
Shimron Hetmyer,64861,https://www.cricket.com/players/shimron-hetmyer-64861/recent
Ish Sodhi,57625,https://www.cricket.com/players/ish-sodhi-57625/recent
Shadab Khan,65739,https://www.cricket.com/players/shadab-khan-65739/recent
Mark Chapman,60536,https://www.cricket.com/players/mark-chapman-60536/recent
Tilak Varma,70761,https://www.cricket.com/players/tilak-varma-70761/recent
Daryl Mitchell,57444,https://www.cricket.com/players/daryl-mitchell-57444/recent
Washington Sundar,65859,https://www.cricket.com/players/washington-sundar-65859/recent
Jess Kerr,70686,https://www.cricket.com/players/jess-kerr-70686/recent
Sherfane Rutherford,67285,https://www.cricket.com/players/sherfane-rutherford-67285/recent
Liam Livingstone,63940,https://www.cricket.com/players/liam-livingstone-63940/recent
Mitchell Santner,57903,https://www.cricket.com/players/mitchell-santner-57903/recent
Sophie Devine,62067,https://www.cricket.com/players/sophie-devine-62067/recent
Aiden Markram,64219,https://www.cricket.com/players/aiden-markram-64219/recent
Nathan Ellis,70324,https://www.cricket.com/players/nathan-ellis-70324/recent
Shaheen Afridi,66833,https://www.cricket.com/players/shaheen-afridi-66833/recent
Trent Boult,4338,https://www.cricket.com/players/trent-boult-4338/recent
Lea Tahuhu,57828,https://www.cricket.com/players/lea-tahuhu-57828/recent
David Warner,5380,https://www.cricket.com/players/david-warner-5380/recent
Moises Henriques,4957,https://www.cricket.com/players/moises-henriques-4957/recent
Jonny Bairstow,19394,https://www.cricket.com/players/jonny-bairstow-19394/recent
Tim David,67402,https://www.cricket.com/players/tim-david-67402/recent
Tamim Iqbal,3903,https://www.cricket.com/players/tamim-iqbal-3903/recent
Kane Williamson,4330,https://www.cricket.com/players/kane-williamson-4330/recent
Smriti Mandhana,63992,https://www.cricket.com/players/smriti-mandhana-63992/recent
Taskin Ahmed,58314,https://www.cricket.com/players/taskin-ahmed-58314/recent
Ben Duckett,63082,https://www.cricket.com/players/ben-duckett-63082/recent
Daniel Worrall,63271,https://www.cricket.com/players/daniel-worrall-63271/recent
Shakib Al Hasan,3782,https://www.cricket.com/players/shakib-al-hasan-3782/recent
Heather Knight,59735,https://www.cricket.com/players/heather-knight-59735/recent
Tom Latham,10167,https://www.cricket.com/players/tom-latham-10167/recent
Imran Mohammadi,67693,https://www.cricket.com/players/imran-mohammadi-67693/recent
Aamir Gani,63960,https://www.cricket.com/players/aamir-gani-63960/recent
Fawad Ahmed,42045,https://www.cricket.com/players/fawad-ahmed-42045/recent
Zahoor Khan,47985,https://www.cricket.com/players/zahoor-khan-47985/recent
Amy Satterthwaite,58652,https://www.cricket.com/players/amy-satterthwaite-58652/recent
Scott Kuggeleijn,58214,https://www.cricket.com/players/scott-kuggeleijn-58214/recent
Roston Chase,58071,https://www.cricket.com/players/roston-chase-58071/recent
Mosaddek Hossain,57952,https://www.cricket.com/players/mosaddek-hossain-57952/recent
Natalie Dodd,60877,https://www.cricket.com/players/natalie-dodd-60877/recent
Dan Christian,10043,https://www.cricket.com/players/dan-christian-10043/recent
Tom Blundell,62101,https://www.cricket.com/players/tom-blundell-62101/recent
Cameron White,3566,https://www.cricket.com/players/cameron-white-3566/recent
Tadiwanashe Marumani,74371,https://www.cricket.com/players/tadiwanashe-marumani-74371/recent
Beth Mooney,64853,https://www.cricket.com/players/beth-mooney-64853/recent
Annabel Sutherland,67045,https://www.cricket.com/players/annabel-sutherland-67045/recent
Qasim Akram,72235,https://www.cricket.com/players/qasim-akram-72235/recent
Iftikhar Ahmed,24437,https://www.cricket.com/players/iftikhar-ahmed-24437/recent
Haris Rauf,70326,https://www.cricket.com/players/haris-rauf-70326/recent
Venkatesh Iyer,65430,https://www.cricket.com/players/venkatesh-iyer-65430/recent
Dion Myers,67482,https://www.cricket.com/players/dion-myers-67482/recent
Vaibhav Arora,74298,https://www.cricket.com/players/vaibhav-arora-74298/recent
Ellyse Perry,59956,https://www.cricket.com/players/ellyse-perry-59956/recent
Sune Luus,63228,https://www.cricket.com/players/sune-luus-63228/recent
Suzie Bates,61306,https://www.cricket.com/players/suzie-bates-61306/recent
Nadine De Klerk,67302,https://www.cricket.com/players/nadine-de-klerk-67302/recent
Georgia Wareham,67047,https://www.cricket.com/players/georgia-wareham-67047/recent
Abdul Samad,71260,https://www.cricket.com/players/abdul-samad-71260/recent
Tumi Sekhukhune,70050,https://www.cricket.com/players/tumi-sekhukhune-70050/recent
Irfan Khan,73234,https://www.cricket.com/players/irfan-khan-73234/recent
Rosemary Mair,70677,https://www.cricket.com/players/rosemary-mair-70677/recent
Nonkululeko Mlaba,73258,https://www.cricket.com/players/nonkululeko-mlaba-73258/recent
Craig Ervine,11690,https://www.cricket.com/players/craig-ervine-11690/recent
Manimaran Siddharth,67476,https://www.cricket.com/players/manimaran-siddharth-67476/recent
Nondumiso Shangase,71902,https://www.cricket.com/players/nondumiso-shangase-71902/recent
Khushdil Shah,64675,https://www.cricket.com/players/khushdil-shah-64675/recent
Shahbaz Ahmed,58223,https://www.cricket.com/players/shahbaz-ahmed-58223/recent
Chloe Tryon,11858,https://www.cricket.com/players/chloe-tryon-11858/recent
Laura Wolvaardt,66176,https://www.cricket.com/players/laura-wolvaardt-66176/recent
Abbas Afridi,69965,https://www.cricket.com/players/abbas-afridi-69965/recent
Megan Schutt,63467,https://www.cricket.com/players/megan-schutt-63467/recent
Mohammad Haris,72231,https://www.cricket.com/players/mohammad-haris-72231/recent
Masabata Klaas,60543,https://www.cricket.com/players/masabata-klaas-60543/recent
Saud Shakeel,64153,https://www.cricket.com/players/saud-shakeel-64153/recent
Matheesha Pathirana,73830,https://www.cricket.com/players/matheesha-pathirana-73830/recent
Harmanpreet Kaur,59348,https://www.cricket.com/players/harmanpreet-kaur-59348/recent
Mohammad Huraira,73237,https://www.cricket.com/players/mohammad-huraira-73237/recent
Ashleigh Gardner,67023,https://www.cricket.com/players/ashleigh-gardner-67023/recent
Deepti Sharma,65146,https://www.cricket.com/players/deepti-sharma-65146/recent
Alice Capsey,80602,https://www.cricket.com/players/alice-capsey-80602/recent
Danielle Gregory,80605,https://www.cricket.com/players/danielle-gregory-80605/recent
Jack Blatherwick,66413,https://www.cricket.com/players/jack-blatherwick-66413/recent
Michael Cohen,66893,https://www.cricket.com/players/michael-cohen-66893/recent
Nils Priestley,79677,https://www.cricket.com/players/nils-priestley-79677/recent
Ben Aitchison,79676,https://www.cricket.com/players/ben-aitchison-79676/recent
Ben Compton,73295,https://www.cricket.com/players/ben-compton-73295/recent
Liam Patterson White,66928,https://www.cricket.com/players/liam-patterson-white-66928/recent
Samuel Conners,71630,https://www.cricket.com/players/samuel-conners-71630/recent
Dustin Melton,73296,https://www.cricket.com/players/dustin-melton-73296/recent
Sol Budinger,72863,https://www.cricket.com/players/sol-budinger-72863/recent
Sam Evans,67219,https://www.cricket.com/players/sam-evans-67219/recent
Tom Taylor,64838,https://www.cricket.com/players/tom-taylor-64838/recent
Tom Hartley,72715,https://www.cricket.com/players/tom-hartley-72715/recent
Jack Morley,70928,https://www.cricket.com/players/jack-morley-70928/recent
Brooke Guest,66103,https://www.cricket.com/players/brooke-guest-66103/recent
Jack Wood,81811,https://www.cricket.com/players/jack-wood-81811/recent
Mitchell Owen,81813,https://www.cricket.com/players/mitchell-owen-81813/recent
Brody Couch,81814,https://www.cricket.com/players/brody-couch-81814/recent
Shayan Jahangir,64154,https://www.cricket.com/players/shayan-jahangir-64154/recent
Ryan Persaud,79562,https://www.cricket.com/players/ryan-persaud-79562/recent
James Bazley,64568,https://www.cricket.com/players/james-bazley-64568/recent
Peter Hatzoglou,82662,https://www.cricket.com/players/peter-hatzoglou-82662/recent
Jack Sinfield,82665,https://www.cricket.com/players/jack-sinfield-82665/recent
Alex Lees,33676,https://www.cricket.com/players/alex-lees-33676/recent
Veerasammy Permaul,62126,https://www.cricket.com/players/veerasammy-permaul-62126/recent
Luis Reece,58484,https://www.cricket.com/players/luis-reece-58484/recent
Tendai Chisoro,50807,https://www.cricket.com/players/tendai-chisoro-50807/recent
Farhad Reza,3783,https://www.cricket.com/players/farhad-reza-3783/recent
Diana Baig,63469,https://www.cricket.com/players/diana-baig-63469/recent
Ayasha Rahman,63216,https://www.cricket.com/players/ayasha-rahman-63216/recent
Lockie Ferguson,63719,https://www.cricket.com/players/lockie-ferguson-63719/recent
Aaliyah Alleyne,73622,https://www.cricket.com/players/aaliyah-alleyne-73622/recent
Richard Gleeson,65630,https://www.cricket.com/players/richard-gleeson-65630/recent
Sam Heazlett,65530,https://www.cricket.com/players/sam-heazlett-65530/recent
Rovman Powell,65291,https://www.cricket.com/players/rovman-powell-65291/recent
Brydon Carse,65090,https://www.cricket.com/players/brydon-carse-65090/recent
Fynn Hudson Prentice,64959,https://www.cricket.com/players/fynn-hudson-prentice-64959/recent
Kate Cross,64283,https://www.cricket.com/players/kate-cross-64283/recent
Brendan Doggett,66572,https://www.cricket.com/players/brendan-doggett-66572/recent
Jack Prestwidge,68018,https://www.cricket.com/players/jack-prestwidge-68018/recent
Alex Hartley,66376,https://www.cricket.com/players/alex-hartley-66376/recent
Josh Little,66081,https://www.cricket.com/players/josh-little-66081/recent
Sarfaraz Khan,63962,https://www.cricket.com/players/sarfaraz-khan-63962/recent
Shane Watson,3355,https://www.cricket.com/players/shane-watson-3355/recent
Matthew Short,63846,https://www.cricket.com/players/matthew-short-63846/recent
Matt Henry,60544,https://www.cricket.com/players/matt-henry-60544/recent
Ab De Villiers,3675,https://www.cricket.com/players/ab-de-villiers-3675/recent
Shamima Sultana,63313,https://www.cricket.com/players/shamima-sultana-63313/recent
Rachel Priest,60921,https://www.cricket.com/players/rachel-priest-60921/recent
Jomel Warrican,60444,https://www.cricket.com/players/jomel-warrican-60444/recent
Hashim Amla,3667,https://www.cricket.com/players/hashim-amla-3667/recent
Peter Chase,63149,https://www.cricket.com/players/peter-chase-63149/recent
James Anderson,3430,https://www.cricket.com/players/james-anderson-3430/recent
Beau Webster,63277,https://www.cricket.com/players/beau-webster-63277/recent
Anrich Nortje,63641,https://www.cricket.com/players/anrich-nortje-63641/recent
Tyrone Kane,63159,https://www.cricket.com/players/tyrone-kane-63159/recent
Usman Qadir,63087,https://www.cricket.com/players/usman-qadir-63087/recent
Nahida Khan,60791,https://www.cricket.com/players/nahida-khan-60791/recent
Fidel Edwards,3504,https://www.cricket.com/players/fidel-edwards-3504/recent
Gavin Main,63128,https://www.cricket.com/players/gavin-main-63128/recent
Shemaine Campbelle,61359,https://www.cricket.com/players/shemaine-campbelle-61359/recent
Dimuth Karunaratne,11258,https://www.cricket.com/players/dimuth-karunaratne-11258/recent
Daren Sammy,3569,https://www.cricket.com/players/daren-sammy-3569/recent
Will Young,61910,https://www.cricket.com/players/will-young-61910/recent
Shakera Selman,61380,https://www.cricket.com/players/shakera-selman-61380/recent
Jack Wildermuth,63098,https://www.cricket.com/players/jack-wildermuth-63098/recent
Matthew Cross,63122,https://www.cricket.com/players/matthew-cross-63122/recent
Arron Lilley,63221,https://www.cricket.com/players/arron-lilley-63221/recent
Ramaal Lewis,62827,https://www.cricket.com/players/ramaal-lewis-62827/recent
Joe Clarke,62751,https://www.cricket.com/players/joe-clarke-62751/recent
Kesrick Williams,63796,https://www.cricket.com/players/kesrick-williams-63796/recent
Tom Bailey,63253,https://www.cricket.com/players/tom-bailey-63253/recent
Mark Watt,64635,https://www.cricket.com/players/mark-watt-64635/recent
Ben Dwarshuis,64473,https://www.cricket.com/players/ben-dwarshuis-64473/recent
Ahsan Ali,64374,https://www.cricket.com/players/ahsan-ali-64374/recent
Chanida Sutthiruang,69456,https://www.cricket.com/players/chanida-sutthiruang-69456/recent
Zak Chappell,65616,https://www.cricket.com/players/zak-chappell-65616/recent
Tom Moores,65638,https://www.cricket.com/players/tom-moores-65638/recent
Sornnarin Tippoch,69453,https://www.cricket.com/players/sornnarin-tippoch-69453/recent
Jonathan Merlo,67270,https://www.cricket.com/players/jonathan-merlo-67270/recent
Josh Bohannon,67255,https://www.cricket.com/players/josh-bohannon-67255/recent
Iram Javed,64000,https://www.cricket.com/players/iram-javed-64000/recent
Thamsyn Newton,65767,https://www.cricket.com/players/thamsyn-newton-65767/recent
Caleb Jewell,65622,https://www.cricket.com/players/caleb-jewell-65622/recent
Michael Bracewell,62325,https://www.cricket.com/players/michael-bracewell-62325/recent
Ben Sears,66055,https://www.cricket.com/players/ben-sears-66055/recent
Mitchell Hay,82695,https://www.cricket.com/players/mitchell-hay-82695/recent
Kyle Jamieson,63865,https://www.cricket.com/players/kyle-jamieson-63865/recent
Spencer Johnson,67778,https://www.cricket.com/players/spencer-johnson-67778/recent
Aaron Hardie,68072,https://www.cricket.com/players/aaron-hardie-68072/recent
Josh Inglis,65893,https://www.cricket.com/players/josh-inglis-65893/recent
Marnus Labuschagne,65083,https://www.cricket.com/players/marnus-labuschagne-65083/recent
Steven Smith,4308,https://www.cricket.com/players/steven-smith-4308/recent
Sean Abbott,57028,https://www.cricket.com/players/sean-abbott-57028/recent
Alex Carey,63706,https://www.cricket.com/players/alex-carey-63706/recent
Tanveer Sangha,70770,https://www.cricket.com/players/tanveer-sangha-70770/recent
Cooper Connolly,74410,https://www.cricket.com/players/cooper-connolly-74410/recent
Harry Brook,66374,https://www.cricket.com/players/harry-brook-66374/recent
Gus Atkinson,69416,https://www.cricket.com/players/gus-atkinson-69416/recent
Rehan Ahmed,86794,https://www.cricket.com/players/rehan-ahmed-86794/recent
Jamie Overton,58482,https://www.cricket.com/players/jamie-overton-58482/recent
Mark Wood,57871,https://www.cricket.com/players/mark-wood-57871/recent
Tom Banton,66923,https://www.cricket.com/players/tom-banton-66923/recent
Adil Rashid,4661,https://www.cricket.com/players/adil-rashid-4661/recent
Joe Root,10129,https://www.cricket.com/players/joe-root-10129/recent
Saqib Mahmood,64948,https://www.cricket.com/players/saqib-mahmood-64948/recent
Jamie Smith,69554,https://www.cricket.com/players/jamie-smith-69554/recent
Nasum Ahmed,57999,https://www.cricket.com/players/nasum-ahmed-57999/recent
Jaker Ali,65411,https://www.cricket.com/players/jaker-ali-65411/recent
Mustafizur Rahman,63881,https://www.cricket.com/players/mustafizur-rahman-63881/recent
Tanzid Hasan,70206,https://www.cricket.com/players/tanzid-hasan-70206/recent
Parvez Hossain Emon,70418,https://www.cricket.com/players/parvez-hossain-emon-70418/recent
Towhid Hridoy,67719,https://www.cricket.com/players/towhid-hridoy-67719/recent
Mehidy Hasan,63875,https://www.cricket.com/players/mehidy-hasan-63875/recent
Najmul Hossain Shanto,63872,https://www.cricket.com/players/najmul-hossain-shanto-63872/recent
Soumya Sarkar,61831,https://www.cricket.com/players/soumya-sarkar-61831/recent
Rishad Hossain,70203,https://www.cricket.com/players/rishad-hossain-70203/recent
Tanzim Hasan Sakib,70921,https://www.cricket.com/players/tanzim-hasan-sakib-70921/recent
Mahmudullah,3956,https://www.cricket.com/players/mahmudullah-3956/recent
Mushfiqur Rahim,3693,https://www.cricket.com/players/mushfiqur-rahim-3693/recent
Senuran Muthusamy,63717,https://www.cricket.com/players/senuran-muthusamy-63717/recent
Junior Dala,57746,https://www.cricket.com/players/junior-dala-57746/recent
Tabraiz Shamsi,48191,https://www.cricket.com/players/tabraiz-shamsi-48191/recent
Keshav Maharaj,48607,https://www.cricket.com/players/keshav-maharaj-48607/recent
Corbin Bosch,63605,https://www.cricket.com/players/corbin-bosch-63605/recent
Eathan Bosch,66364,https://www.cricket.com/players/eathan-bosch-66364/recent
Tony De Zorzi,65523,https://www.cricket.com/players/tony-de-zorzi-65523/recent
Lungi Ngidi,64225,https://www.cricket.com/players/lungi-ngidi-64225/recent
Matthew Breetzke,65618,https://www.cricket.com/players/matthew-breetzke-65618/recent
Temba Bavuma,12492,https://www.cricket.com/players/temba-bavuma-12492/recent
Wiaan Mulder,65525,https://www.cricket.com/players/wiaan-mulder-65525/recent
Jason Smith,63613,https://www.cricket.com/players/jason-smith-63613/recent
Kyle Verreynne,65279,https://www.cricket.com/players/kyle-verreynne-65279/recent
Mihlali Mpongwana,70915,https://www.cricket.com/players/mihlali-mpongwana-70915/recent
Gideon Peters,69633,https://www.cricket.com/players/gideon-peters-69633/recent
Mikyle Louis,66980,https://www.cricket.com/players/mikyle-louis-66980/recent
Kavem Hodge,57755,https://www.cricket.com/players/kavem-hodge-57755/recent
Kemar Roach,4912,https://www.cricket.com/players/kemar-roach-4912/recent
Alick Athanaze,66918,https://www.cricket.com/players/alick-athanaze-66918/recent
Justin Greaves,57643,https://www.cricket.com/players/justin-greaves-57643/recent
Kraigg Brathwaite,7858,https://www.cricket.com/players/kraigg-brathwaite-7858/recent
Anderson Phillip,17685,https://www.cricket.com/players/anderson-phillip-17685/recent
Tevin Imlach,66025,https://www.cricket.com/players/tevin-imlach-66025/recent
Keacy Carty,65282,https://www.cricket.com/players/keacy-carty-65282/recent
Joshua Da Silva,70521,https://www.cricket.com/players/joshua-da-silva-70521/recent
Amir Jangoo,65281,https://www.cricket.com/players/amir-jangoo-65281/recent
Gudakesh Motie,64262,https://www.cricket.com/players/gudakesh-motie-64262/recent
Kevin Sinclair,73942,https://www.cricket.com/players/kevin-sinclair-73942/recent
Jayden Seales,73200,https://www.cricket.com/players/jayden-seales-73200/recent
Agha Salman,64078,https://www.cricket.com/players/agha-salman-64078/recent
Omair Yousuf,67921,https://www.cricket.com/players/omair-yousuf-67921/recent
Abrar Ahmed,66884,https://www.cricket.com/players/abrar-ahmed-66884/recent
Usman Khan,67777,https://www.cricket.com/players/usman-khan-67777/recent
Mohammad Ali,82757,https://www.cricket.com/players/mohammad-ali-82757/recent
Milan Rathnayake,66719,https://www.cricket.com/players/milan-rathnayake-66719/recent
Jeffrey Vandersay,57709,https://www.cricket.com/players/jeffrey-vandersay-57709/recent
Dhananjaya De Silva,57440,https://www.cricket.com/players/dhananjaya-de-silva-57440/recent
Prabath Jayasuriya,62411,https://www.cricket.com/players/prabath-jayasuriya-62411/recent
Nishan Peiris,65323,https://www.cricket.com/players/nishan-peiris-65323/recent
Pathum Nissanka,66368,https://www.cricket.com/players/pathum-nissanka-66368/recent
Kusal Mendis,63882,https://www.cricket.com/players/kusal-mendis-63882/recent
Kamindu Mendis,65034,https://www.cricket.com/players/kamindu-mendis-65034/recent
Ramesh Mendis,63899,https://www.cricket.com/players/ramesh-mendis-63899/recent
Asitha Fernando,65029,https://www.cricket.com/players/asitha-fernando-65029/recent
Sadeera Samarawickrama,63897,https://www.cricket.com/players/sadeera-samarawickrama-63897/recent
Lahiru Kumara,65033,https://www.cricket.com/players/lahiru-kumara-65033/recent
Oshada Fernando,57340,https://www.cricket.com/players/oshada-fernando-57340/recent
Angelo Mathews,5244,https://www.cricket.com/players/angelo-mathews-5244/recent
Dinesh Chandimal,4393,https://www.cricket.com/players/dinesh-chandimal-4393/recent
Sonal Dinusha,69670,https://www.cricket.com/players/sonal-dinusha-69670/recent
Ryan Rickelton,64941,https://www.cricket.com/players/ryan-rickelton-64941/recent
Vignesh Puthur,83549,https://www.cricket.com/players/vignesh-puthur-83549/recent
Krishnan Shrijith,67627,https://www.cricket.com/players/krishnan-shrijith-67627/recent
Reece Topley,58101,https://www.cricket.com/players/reece-topley-58101/recent
Mujeeb Ur Rahman,67540,https://www.cricket.com/players/mujeeb-ur-rahman-67540/recent
Karn Sharma,5090,https://www.cricket.com/players/karn-sharma-5090/recent
Arjun Tendulkar,69659,https://www.cricket.com/players/arjun-tendulkar-69659/recent
Ashwani Kumar,74296,https://www.cricket.com/players/ashwani-kumar-74296/recent
Rajat Patidar,65687,https://www.cricket.com/players/rajat-patidar-65687/recent
Jitesh Sharma,64724,https://www.cricket.com/players/jitesh-sharma-64724/recent
Yash Dayal,70155,https://www.cricket.com/players/yash-dayal-70155/recent
Rasikh Salam,70296,https://www.cricket.com/players/rasikh-salam-70296/recent
Jacob Bethell,85736,https://www.cricket.com/players/jacob-bethell-85736/recent
Manoj Bhandage,67648,https://www.cricket.com/players/manoj-bhandage-67648/recent
Swapnil Singh,4602,https://www.cricket.com/players/swapnil-singh-4602/recent
Romario Shepherd,66243,https://www.cricket.com/players/romario-shepherd-66243/recent
Nuwan Thushara,66158,https://www.cricket.com/players/nuwan-thushara-66158/recent
Deepak Hooda,63748,https://www.cricket.com/players/deepak-hooda-63748/recent
Gurjapneet Singh,86633,https://www.cricket.com/players/gurjapneet-singh-86633/recent
Devon Conway,13177,https://www.cricket.com/players/devon-conway-13177/recent
Mukesh Choudhary,67887,https://www.cricket.com/players/mukesh-choudhary-67887/recent
Shreyas Gopal,58155,https://www.cricket.com/players/shreyas-gopal-58155/recent
Vijay Shankar,61738,https://www.cricket.com/players/vijay-shankar-61738/recent
Kamlesh Nagarkoti,66807,https://www.cricket.com/players/kamlesh-nagarkoti-66807/recent
Ashutosh Sharma,68176,https://www.cricket.com/players/ashutosh-sharma-68176/recent
Mukesh Kumar,65723,https://www.cricket.com/players/mukesh-kumar-65723/recent
Tristan Stubbs,74761,https://www.cricket.com/players/tristan-stubbs-74761/recent
Sameer Rizvi,71376,https://www.cricket.com/players/sameer-rizvi-71376/recent
Abhishek Porel,82442,https://www.cricket.com/players/abhishek-porel-82442/recent
Dushmantha Chameera,58065,https://www.cricket.com/players/dushmantha-chameera-58065/recent
Darshan Nalkande,67489,https://www.cricket.com/players/darshan-nalkande-67489/recent
T Natarajan,65160,https://www.cricket.com/players/t-natarajan-65160/recent
Karun Nair,62297,https://www.cricket.com/players/karun-nair-62297/recent
Ajay Mandal,66558,https://www.cricket.com/players/ajay-mandal-66558/recent
Donavon Ferreira,23487,https://www.cricket.com/players/donavon-ferreira-23487/recent
Simarjeet Singh,68237,https://www.cricket.com/players/simarjeet-singh-68237/recent
Nitish Kumar Reddy,74837,https://www.cricket.com/players/nitish-kumar-reddy-74837/recent
Sachin Baby,55316,https://www.cricket.com/players/sachin-baby-55316/recent
Atharva Taide,67910,https://www.cricket.com/players/atharva-taide-67910/recent
Jaydev Unadkat,5448,https://www.cricket.com/players/jaydev-unadkat-5448/recent
Rahul Chahar,66823,https://www.cricket.com/players/rahul-chahar-66823/recent
Zeeshan Ansari,65861,https://www.cricket.com/players/zeeshan-ansari-65861/recent
Ramandeep Singh,66953,https://www.cricket.com/players/ramandeep-singh-66953/recent
Anukul Roy,66983,https://www.cricket.com/players/anukul-roy-66983/recent
Mayank Markande,67126,https://www.cricket.com/players/mayank-markande-67126/recent
Rahmanullah Gurbaz,68027,https://www.cricket.com/players/rahmanullah-gurbaz-68027/recent
Manish Pandey,4276,https://www.cricket.com/players/manish-pandey-4276/recent
Chetan Sakariya,68173,https://www.cricket.com/players/chetan-sakariya-68173/recent
Luvnith Sisodia,69879,https://www.cricket.com/players/luvnith-sisodia-69879/recent
Vyshak Vijay Kumar,67628,https://www.cricket.com/players/vyshak-vijay-kumar-67628/recent
Marco Jansen,69409,https://www.cricket.com/players/marco-jansen-69409/recent
Prabhsimran Singh,70222,https://www.cricket.com/players/prabhsimran-singh-70222/recent
Shashank Singh,63520,https://www.cricket.com/players/shashank-singh-63520/recent
Azmatullah Omarzai,67516,https://www.cricket.com/players/azmatullah-omarzai-67516/recent
Suryansh Shedge,71951,https://www.cricket.com/players/suryansh-shedge-71951/recent
P Avinash,81901,https://www.cricket.com/players/p-avinash-81901/recent
Harpreet Brar,70500,https://www.cricket.com/players/harpreet-brar-70500/recent
Xavier Bartlett,66516,https://www.cricket.com/players/xavier-bartlett-66516/recent
Kuldeep Sen,70402,https://www.cricket.com/players/kuldeep-sen-70402/recent
Yash Thakur,66819,https://www.cricket.com/players/yash-thakur-66819/recent
Pravin Dubey,63550,https://www.cricket.com/players/pravin-dubey-63550/recent
Vishnu Vinod,64783,https://www.cricket.com/players/vishnu-vinod-64783/recent
Nehal Wadhera,69657,https://www.cricket.com/players/nehal-wadhera-69657/recent
Maheesh Theekshana,69274,https://www.cricket.com/players/maheesh-theekshana-69274/recent
Shubham Dubey,83453,https://www.cricket.com/players/shubham-dubey-83453/recent
Tushar Deshpande,65478,https://www.cricket.com/players/tushar-deshpande-65478/recent
Kumar Kartikeya,70191,https://www.cricket.com/players/kumar-kartikeya-70191/recent
Yudhvir Singh,74054,https://www.cricket.com/players/yudhvir-singh-74054/recent
Akash Madhwal,74055,https://www.cricket.com/players/akash-madhwal-74055/recent
Babar Azam,59429,https://www.cricket.com/players/babar-azam-59429/recent
Harry Tector,66085,https://www.cricket.com/players/harry-tector-66085/recent
Charith Asalanka,65038,https://www.cricket.com/players/charith-asalanka-65038/recent
Ibrahim Zadran,67519,https://www.cricket.com/players/ibrahim-zadran-67519/recent
Bernard Scholtz,59032,https://www.cricket.com/players/bernard-scholtz-59032/recent
Mohammad Nabi,7797,https://www.cricket.com/players/mohammad-nabi-7797/recent
Mehidy Hasan Miraz,63875,https://www.cricket.com/players/mehidy-hasan-miraz-63875/recent
Usman Khawaja,10048,https://www.cricket.com/players/usman-khawaja-10048/recent
Nathan Lyon,29679,https://www.cricket.com/players/nathan-lyon-29679/recent
Noman Ali,14291,https://www.cricket.com/players/noman-ali-14291/recent
Jason Holder,10232,https://www.cricket.com/players/jason-holder-10232/recent
Ben Stokes,10130,https://www.cricket.com/players/ben-stokes-10130/recent
Chris Woakes,4321,https://www.cricket.com/players/chris-woakes-4321/recent
Phil Salt,65632,https://www.cricket.com/players/phil-salt-65632/recent
Mohammad Rizwan,20286,https://www.cricket.com/players/mohammad-rizwan-20286/recent
Kusal Perera,11757,https://www.cricket.com/players/kusal-perera-11757/recent
Akeal Hosein,57239,https://www.cricket.com/players/akeal-hosein-57239/recent
Varun Chakaravarthy,67469,https://www.cricket.com/players/varun-chakaravarthy-67469/recent
Dipendra Singh Airee,66061,https://www.cricket.com/players/dipendra-singh-airee-66061/recent
Gerhard Erasmus,57890,https://www.cricket.com/players/gerhard-erasmus-57890/recent
